Entreprises,I,E,T,M,RSI,SEE,IHS,ER,F,Site,Pays,Secteurs,Presentation,Metiers,Profils,Offres,Evolutions
ADVANS GROUP,FALSE,FALSE,FALSE,FALSE,FALSE,FALSE,FALSE,FALSE,FALSE,,,,,,,,
AIRBUS OPERATIONS SAS,TRUE,TRUE,FALSE,FALSE,FALSE,FALSE,FALSE,FALSE,FALSE,https://www.airbus.com/,France,Aéronautique,"Airbus is a global leader in aeronautics, space and related services. In 2018 it generated revenues of €64 billion and employed a workforce of around 134,000. Airbus offers the most comprehensive range of passenger airliners. Airbus is also a European leader providing tanker, combat, transport and mission aircraft, as well as one of the world's leading space companies. In helicopters, Airbus provides the most efficient civil and military rotorcraft solutions worldwide.","<p>You will join the ""Avionics Software"" department, within ""Avionics and Simulation products"" engineering domain. This organization is an in-house avionics equipment and simulators supplier. Engineers in this domain are responsible for the design, the development, the production and the support of critical embedded products (e.g. Flight Controls, Flight Warning, Communication, Maintenance equipment) for all Airbus aircrafts. This organization is also Chamber of Reference on Software and Electronics thanks to accomplished and experienced teams. The scope of activities also extends to other Airbus divisions and partners in some cases.<br>
You will be in charge of developing the avionics real-time software, implementing all the steps of the development cycle process and the associated software engineering regarding methods and tools.<br>
This job requires an awareness of any potential compliance risks, as the foundation for our success, reputation and sustainable growth.<br>
 </p>","<p>You will join a software team in charge of the development of the software components which are part of embedded avionics applications such as Flight Controls, to run on specific or modular hardware platforms.<br>
In an environment with industrial and certification constraints (DO178B and C, DAL A to C software), you will:</p>

<ul><li>Develop embedded real-time software following development process from the high-level specification analysis to the integration and the validation on the definitive hardware.</li>
        <li>Value the customer needs and challenge them to propose common and reusable solutions.</li>
        <li>Achieve the integration and verification activities with the hardware using test means such as probes, bus analyzers and emulators.</li>
        <li>Ensure the related support activity: failure report analysis, answer to technical requests.</li>
        <li>Improve the ways of working; bring new design solutions and technologies.</li>
        <li>Manage the subcontracted activities and deliverables, in conformity with the subcontracting management rules.</li>
        <li>Manage your activities following the expected schedule, budget and quality.</li>
        <li>Participate to the improvement of the Department performance.</li>
</ul>

<p>Required skills</p>

<ul><li>Real-time embedded software development</li>
        <li>V cycle development process (specification, architecture, design, coding, integration, verification, support)</li>
        <li>Programming languages: C or C++</li>
        <li>Software engineering methods and tools</li>
        <li>Open mindset and good team working</li>
</ul>

<p>Follow skills would be additional assets:</p>

<ul><li>Programming languages: Assembler</li>
        <li>Real-time embedded software qualification and certification (DO178-C) experience</li>
        <li>Low-Layers software skills: Operating system, Computers architecture, Processors architecture</li>
        <li>Agile development process experience</li>
        <li>Advanced level of English and French</li>
</ul>",,"<p>Several learning paths are offered to the employees:</p>

<p>- Technical expert</p>

<p>- Embedeed sodtware Architect</p>

<p>- Project Manager</p>

<p>- Management </p>

<p>And plenty of different jobs within Airbus .... </p>"
AKKODIS,FALSE,FALSE,FALSE,FALSE,FALSE,FALSE,FALSE,FALSE,FALSE,,,,,,,,
ALTEN SA,FALSE,FALSE,FALSE,FALSE,FALSE,FALSE,FALSE,FALSE,FALSE,,,,,,,,
APSIDE,FALSE,FALSE,FALSE,FALSE,FALSE,FALSE,FALSE,FALSE,FALSE,,,,,,,,
Armée de Terre,FALSE,FALSE,FALSE,FALSE,FALSE,FALSE,FALSE,FALSE,FALSE,https://www.sengager.fr,,,"L'armée de Terre, c'est : 130 000 hommes et femmes, 16 000 postes à pourvoir dans plus de 100 spécialités !
Sans diplôme ou détenteur d’un BAC +5, l’armée de Terre permet à 16 000 hommes et femmes d’allier action et responsabilité, de vivre une expérience humaine et professionnelle sans équivalent dans plus de 100 spécialités : maître-chien, météorologue, pilote de chars de combat, moniteur sportif, développeur informatique, analyste d’images, combattant des forces spéciales, maintenancier, pilote de drone, etc.",,,,
ASSYSTEM France,FALSE,FALSE,FALSE,FALSE,FALSE,FALSE,FALSE,FALSE,FALSE,,,,,,,,
ASTEK GROUP,TRUE,TRUE,TRUE,TRUE,TRUE,TRUE,FALSE,FALSE,FALSE,https://www.astekgroup.fr/,,"Défense, Transport, Energy, life sciences, Finance, government, Télécom, Média, Retail, internet services","Créé en 1988, Astek est un groupe international de conseil en technologies et en transformation digitale présent dans 22 pays à travers le monde. 

Fort de notre expertise dans de nombreux secteurs industriels et tertiaires, le Groupe accompagne ses clients internationaux dans le déploiement intelligent de leurs produits et de leurs services, et dans la mise en œuvre de leur transformation digitale.  

Depuis sa création, Astek a fondé son développement sur une forte culture d’entrepreneuriat et d’innovation, et sur l’accompagnement et la montée en compétences de ses 8400 collaborateurs.  

Astek mise avant tout sur la qualité de la relation avec ses collaborateurs via son programme CARE qui permet à chacun de se révéler selon ses aspirations et d’évoluer selon son projet professionnel. 

Astek est en forte croissance. Après avoir atteint avec 2 ans d’avance notre plan de développement et avoir réalisé en 2023 un chiffre d’affaires de 600 millions d’euros, nous prévoyons de doubler nos effectifs et d’atteindre le milliard d’euros de chiffre d’affaires en 2027, ce qui vous permet d’accéder à de belles opportunités en France, et à l’International.","Créé en 1988, Astek est un groupe international de conseil en technologies et en transformation digitale présent dans 22 pays à travers le monde. 

Fort de notre expertise dans de nombreux secteurs industriels et tertiaires, le Groupe accompagne ses clients internationaux dans le déploiement intelligent de leurs produits et de leurs services, et dans la mise en œuvre de leur transformation digitale.  

Depuis sa création, Astek a fondé son développement sur une forte culture d’entrepreneuriat et d’innovation, et sur l’accompagnement et la montée en compétences de ses 8400 collaborateurs.  

Astek mise avant tout sur la qualité de la relation avec ses collaborateurs via son programme CARE qui permet à chacun de se révéler selon ses aspirations et d’évoluer selon son projet professionnel. 

Astek est en forte croissance. Après avoir atteint avec 2 ans d’avance notre plan de développement et avoir réalisé en 2023 un chiffre d’affaires de 600 millions d’euros, nous prévoyons de doubler nos effectifs et d’atteindre le milliard d’euros de chiffre d’affaires en 2027, ce qui vous permet d’accéder à de belles opportunités en France, et à l’International.","<p>Pour les postes en CDI : </p>

<ul><li>Diplômé(e) d’une école d’ingénieur ou équivalent de niveau Bac+5.</li>
        <li>Vous faite preuve de proactivité et d’esprit d’équipe, êtes doté(e) d’un excellent sens de l’organisation et vous aimez les challenges et la résolution de problème ?</li>
        <li>Maîtrise d’Excel (TCD, formules, macros …)</li>
        <li>Vous faîtes preuve de rigueur, pro activité, d’autonomie, d’aisance relationnelle et disposer d’une bonne capacité d’analyse et de synthèse.</li>
</ul>","<p>Nos stages sont principalement dédiés aux étudiants en dernière année d'école d'ingénieur. </p>

<p>Stage – 9 stages – fin d’études / ingénieur – Ingénieur innovation Architectures de calcul, Modélisation – Rennes, France (H/F)</p>

<p>Stage – 6 stages – fin d’études / ingénieur – Ingénieur innovation Intelligence artificielle, science des données – Paris, France (H/F)</p>

<p>Stage – Stage R&D – fin d’études / ingénieur – Ingénieur innovation Mécatronique – Paris, France (H/F)</p>

<p>Stage – 3 Stages – fin d’études / ingénieur – Ingénieur innovation Cybersécurité, blockchain – Paris, France (H/F)</p>

<p>Retrouvez toutes nos offres sur :  <a href=""astekjob.fr/"">astekjob.fr/</a></p>","<p>Après un stage de fin d'étude, il est possible de vous embaucher en CDI pour votre premier emploi. </p>"
ATOS France,FALSE,FALSE,FALSE,FALSE,FALSE,FALSE,FALSE,FALSE,FALSE,,,,,,,,
axYus,FALSE,FALSE,FALSE,FALSE,FALSE,FALSE,FALSE,FALSE,FALSE,,,,,,,,
BeTomorrow,FALSE,FALSE,FALSE,FALSE,FALSE,FALSE,FALSE,FALSE,FALSE,,,,,,,,
Bordeaux Métropole,FALSE,FALSE,FALSE,FALSE,FALSE,FALSE,FALSE,FALSE,FALSE,https://www.bordeaux-metropole.fr/,,,,,,,
Capgemini,TRUE,FALSE,TRUE,TRUE,TRUE,TRUE,FALSE,FALSE,FALSE,https://www.capgemini.com/fr-fr/carrieres/parcours-professionnels/etudiants-diplomes/stage-et-alternance/,50 pays,"Stratégie, Transformation, Technologie, Application, ingénierie, Opération","Capgemini, partenaire de la transformation business et technologique de ses clients, les accompagne dans leur transition vers un monde plus digital et durable, tout en créant un impact positif pour la société. Le Groupe, responsable et multiculturel, rassemble 340 000 collaborateurs dans plus de 50 pays. Depuis plus de 55 ans, ses clients lui font confiance pour répondre à l’ensemble de leurs besoins grâce à la technologie. Capgemini propose des services et solutions de bout en bout, allant de la stratégie et du design jusqu’à l’ingénierie, en tirant parti de ses compétences de pointe en intelligence artificielle, en cloud, et en data, ainsi que de son expertise sectorielle et de son écosystème de partenaires. Le Groupe a réalisé un chiffre d’affaires de 22,5 milliards d’euros en 2023. Get the future you want* | https://www.capgemini.com","<ul><li>Ingénieur Cloud, Ingénieur DevOps, Ingénieur systèmes & réseaux</li>
        <li>Développeur, Consultant technique, UX Designer</li>
        <li>Ingénieur calcul, Projecteur CAO</li>
        <li>Ingénieur contrôle commande, Ingénieur systèmes</li>
        <li>Ingénieur en cybersécurité, Consultant en cybersécurité GRC, Analyste SOC</li>
        <li>Ingénieur qualité logicielle, Ingénieur qualité logicielle automaticien, Ingénieur qualité logicielle charge & performance</li>
        <li>Consultant en stratégie transformation et innovation digitale, Consultant fonctionnel</li>
</ul>","<p>Niveau de formation : Bac +5</p>

<p>De formation : école d’ingénieur, master universitaire</p>

<p>Avec potentiellement une spécialisation :</p>

<ul><li>En conseil</li>
        <li>Management des systèmes d’information</li>
        <li>Informatique (génie logicielle ou industriel, systèmes & réseaux)</li>
        <li>Sécurité ou Cybersécurité</li>
        <li>Mathématiques et/ou statistiques</li>
        <li>Génie mécanique & systèmes embarqués</li>
</ul>","<p>Stage – Project Management Officer/ Chef de projet</p>

<p>Stage – Ingénierie Qualité et Automatisation de Tests</p>

<p>Stage – Testeur de Performance</p>

<p>Stage – Ingénieur industrie 4.0 PLM H/F</p>

<p>Stage – Développeur JAVA (Industrie 4.0) H/F</p>


<p>Stage – Project Management Officer/ Chef de projet</p>

<p>Stage – Ingénierie Qualité et Automatisation de Tests</p>

<p>Stage – Testeur de Performance</p>

<p>Stage – Ingénieur industrie 4.0 PLM H/F</p>

<p>Stage – Développeur JAVA (Industrie 4.0) H/F</p>

","<p>Chez Capgemini, on t’écoute, on te challenge, et surtout on te fait confiance. Tes missions seront multi-secteurs, multi-technologies et à forte responsabilité. Entre deux missions chez le client, tu peux profiter de conférences (startups, éditeurs, experts), de formations en présentiel ou en ligne, d’un accès libre à des plateformes (Coursera, Pluralsight…) ou rejoindre l’un de nos clubs associatifs (sport, musique, tech…) ou nos incubateurs de projets. Et après chaque mission, tu fais le point avec ton RH, ton manager et ton carrière manager. Parcours d’accélération, certifications, formations à de nouveaux métiers… On te donne les clés, à toi de construire ta carrière à ton rythme.</p>"
CDISCOUNT,TRUE,FALSE,FALSE,FALSE,FALSE,FALSE,FALSE,FALSE,FALSE,https://www.emploi.cdiscount.com/,,,"Cdiscount, c’est le pari fou d’une startup ecommerce lancée en 1998 àBordeaux.
En plus de 25 ans, Cdiscount a contribué à faire entrer le digital dans le quotidien des foyers français, faisant de lui un acteur incontournable du numérique. Aujourd’hui Cdiscount a fait évoluer son modèle vers une plateforme B2C et B2B avec les filiales C-Logistics, Octopia, et Peaksys.",,,,
CEA,FALSE,FALSE,FALSE,FALSE,FALSE,FALSE,FALSE,FALSE,FALSE,,,,,,,,
CGI,TRUE,FALSE,TRUE,TRUE,TRUE,FALSE,FALSE,FALSE,FALSE,https://www.cgi.com/france/fr-fr,"Canada, États-Unis, France, Espagne, Suisse, Maroc etc","informatique, conseil","Chez CGI, nous sommes convaincus que l’innovation technologique permet aussi bien d’accélérer la transformation de la société et de son économie, que le développement de ses collaborateurs et collaboratrices.
Notre mission, c’est donc d’accompagner les entreprises et les administrations au quotidien pour les rendre plus performantes. 
Nos 90 000 experts dans le monde (14 000 en France) interviennent dans tous les secteurs d’activités via quatre métiers : business consulting, intégration de systèmes, business solutions, managed IT services.
Votre mission, en rejoignant CGI, c’est être au cœur des enjeux des entreprises et vivre des missions passionnantes, où l’innovation et l’excellence opérationnelle sont constamment mises au service de nos clients. Développement, cybersécurité, big data, intelligence artificielle... Autant d'enjeux qui rythmeront votre quotidien.
CGI est déterminée à répondre aux besoins des consommateurs, des citoyens et des communautés. Qu’il s’agisse de la mise en œuvre et du développement des usages numériques en milieu scolaire, de l’utilisation de la navigation par satellite sécurisée pour protéger les individus de la fraude, de l’accompagnement de ses clients en matière de transition écologique pour réduire les émissions de carbone, CGI mise sur la technologie pour soutenir les rouages vitaux de la société et créer un avenir meilleur pour tous.
Vous êtes unique et ça nous plaît !","<ul><li>Métiers du Conseil : conseil en management, conseil en stratégie opérationnelle, conseil en transformation digitale et innovation...</li>
        <li>Métiers Techniques : ingénierie des technologies de l'information, développement informatique, cybersécurité...</li>
        <li>Métiers du Delivery : business analyst, assistance à maîtrise d'ouvrage...</li>
</ul>

<p>Expertises : cybersécurité, analyses des données, protection des données, IA, IoT, modernisation IT, supply chain…</p>","<p>CGI recherche à la fois des jeunes en alternance ou stage de fin d’études, curieux, possédant une grande capacité d’adaptation, ainsi qu’un très bon sens du relationnel, qui sachent prendre des initiatives et qui ont le sens du service.</p>

<p>Quels que soient ton rôle, tes compétences et tes ambitions, la culture de CGI te donnera l’occasion d’explorer, d’innover et d’entreprendre dans un environnement de travail collaboratif en t’offrant tout le soutien nécessaire pour vivre des expériences variées et enrichissantes.</p>

<p>CGI est un employeur inclusif et attentif aux candidatures des personnes en situation de handicap, à l’évolution de carrières des hommes et des femmes et au bien-être de nos salariés LGBT+.</p>","<ul><li>Métiers du Conseil : conseil en management, conseil en stratégie opérationnelle, conseil en transformation digitale et innovation...</li>
        <li>Métiers Techniques : ingénierie des technologies de l'information, développement informatique, cybersécurité...</li>
        <li>Métiers du Delivery : business analyst, assistance à maîtrise d'ouvrage...</li>
</ul>

<p>Expertises : cybersécurité, analyses des données, protection des données, IA, IoT, modernisation IT, supply chain…</p>

<p>Tu souhaites réaliser des missions passionnantes et être au cœur des enjeux de nos clients ? Tu souhaites bénéficier d’un management de proximité reconnu, pour un meilleur partage des expériences et un accompagnement sur la durée ? Tu souhaites rejoindre une entreprise engagée pour l’intérêt général et l’inclusion ? Tu es bien chez CGI !</p>","<p>Vous êtes <span style=""color:#000000;"">accompagné(e)e par un management de proximité afin d’évoluer au sein de nos différentes entités et filières. Nous veillons à la qualité et à la pertinence des formations proposées, nous choisissons les meilleurs dispositifs d’évolution des savoir-faire et savoir-être au regard des situations de chacun. Qu’elles soient techniques, certifiantes, en accompagnement des prises de fonction, CGI propose un large éventail de formations pour développer les compétences de ses professionnels quel que soit le métier ou le niveau d'expérience.</span></p>"
Cheops Technology,FALSE,FALSE,FALSE,FALSE,FALSE,FALSE,FALSE,FALSE,FALSE,,,,,,,,
CNES,TRUE,TRUE,TRUE,FALSE,TRUE,FALSE,FALSE,FALSE,FALSE,https://www.cnes.fr,France,Spatial,"Le Centre national d'études spatiales est un établissement public à caractère industriel et commercial chargé d’élaborer et de proposer au gouvernement français le programme spatial français, puis de le mettre en œuvre.
Nos 4 priorités stratégiques sont :
-        Renforcer notre autonomie stratégique
-        Soutenir la compétitivité de l’écosystème spatial
-        S’engager pour un monde durable
-        Faire rayonner notre excellence scientifique","<p>Plusieurs filières métiers existent au sein du CNES :</p>

<p>-        La filière Technique : Architecte, Ingénieur(e) Système, Expert(e)…</p>

<p>-        La filière Management : Chef(fe) de service, Sous-directeur(trice)…</p>

<p>-        La filière Projet : Chargé(e) d’affaires, Chef(fe) de projet…</p>

<p>-        La filière Support/Gestion : Achat, Finance, Communication, Ressources Humaines…)</p>",<p>Nous recherchons tous les profils :)</p>,"<p>Stages :</p>

<p>Nous proposons principalement des stages de fin d’études (de 2 à 6 mois maximum) et obligatoires [Bac+2 à Bac+5].</p>

<p>•        Domaines techniques et de gestion</p>

<p>•        Egalité F/H métropole : 21% candidatures féminines / 25% de Femmes recrutées</p>

<p>Publication : à compter de Septembre et au fil de l’eau tout au long de l’année, pour des arrivées majoritairement en Mars-Avril.</p>

<p> </p>

<p>Alternance (contrat d’apprentissage et de professionnalisation) :</p>

<p>De 1 à 3 ans (domaines techniques et de gestion).</p>

<p>Egalité F/H métropole : 30% de Femmes recrutées</p>

<p>Prévision : 60 alternants pour 2023</p>

<p>Publication : mars/avril pour des arrivées en septembre.</p>

<p> </p>

<p>Embauche :</p>

<p>Publication : tout au long de l’année.</p>

<p> </p>

<p>Thèses et Post-Docs :</p>

<p>Publication : de Janvier à Mars.</p>

<p>Toutes nos offres sont mises en ligne régulièremen: <a href=""recrutement.cnes.fr/"">recrutement.cnes.fr/</a></p>","<p>Nous accordons une attention particulière au développement et à l'enrichissement des compétences de nos collaborateurs. Chacun doit pouvoir être acteur de sa carrière et disposer des moyens de construire son parcours professionnel.</p>

<p>Ainsi, nous veillons à maintenir le haut niveau de compétences et l'expertise de nos collaborateurs grâce à une politique de formation ambitieuse et innovante. Pour cela, le CNES consacre 5% de la masse salariale à la formation de ses collaborateurs.</p>

<p>De plus, changer de poste au CNES est un élément d’inspiration, de développement des compétences pour chacun et c’est le crédo de la politique RH.</p>

<p>Cela suppose que ce soit anticipé, accompagné, valorisé, le tout dans une démarche globale de Gestion Prévisionnelle des Emplois et des Compétences.</p>

<p>Les clés de réussite de cette volonté s’appuient sur les acteurs tels que les salariés, les managers, la fonction RH, les équipes de Direction ainsi que leur étroite concertation.</p>

<p>Le CNES s’est doté d’une Charte Mobilité qui vise à définir les principes et les modalités d’accompagnement de la mobilité professionnelle et géographique des collaborateurs.</p>

<p> </p>"
Dassault Aviation,FALSE,FALSE,FALSE,FALSE,FALSE,FALSE,FALSE,FALSE,FALSE,,,,,,,,
Dassault Systèmes,FALSE,FALSE,FALSE,FALSE,FALSE,FALSE,FALSE,FALSE,FALSE,,,,,,,,
DEDALUS,FALSE,FALSE,FALSE,FALSE,FALSE,FALSE,FALSE,FALSE,FALSE,,,,,,,,
DEDOMAINIA GROUP,FALSE,FALSE,FALSE,FALSE,FALSE,FALSE,FALSE,FALSE,FALSE,,,,,,,,
DGSI,TRUE,TRUE,TRUE,FALSE,TRUE,TRUE,FALSE,FALSE,FALSE,https://www.dgsi.interieur.gouv.fr/,France,Renseignement,"La Direction générale de la sécurité intérieure (DGSI) est l’unique service spécialisé de renseignement français.

La DGSI relève du ministère de l'Intérieur au sein de la Communauté nationale du renseignement (CNR).

Créée par décret le 30 avril 2014, la DGSI exerce une compétence générale en renseignement pour lutter contre toutes les activités susceptibles de porter atteinte aux intérêts fondamentaux de la Nation et à la sécurité nationale. Ses missions principales sont la lutte contre le terrorisme, la répression de toute forme d’ingérence étrangère, la protection du patrimoine économique et scientifique de la Nation, la lutte contre la menace cyber et la prolifération des armes de destruction massive.","<p>Les missions de la DGSI nécessitent un large panel de métiers qu'ils soient techniques ou opérationnels. En voici un panel :</p>

<p><strong>Technique </strong>:</p>

<p>Analyse cyber, développement, investigations et détection de pièges numériques, développement et sécurité, dévops, projet MOA-MOE, administration systèmes, réseaux et télécoms, bases de données, product owner, SSI, développement web & logiciel, android, reverse, investigation numérique et cryptographie, systèmes embarqués, pilotage capteurs, analyse de données, enquête en sources ouvertes (osint)...</p>

<p>Renseignement :</p>

<p>Analyse du renseignement, documentation, traduction & interprétariat, enquêtes, échanges partenariaux, conférences, contact avec les sources, suppor opérationnel, suivi radio, investigation numérique judiciaires, exploitation de traces technologiques en informatique...</p>","<p>Nous recherchons les étudiants, désireux de mettre à profit leurs compétences au service des intérêts fondamentaux de la Nation, et qui sont actuellement dans les filières suivantes :</p>

<p>- Informatique</p>

<p>- Eléctronique</p>

<p>- Télécommunications</p>

<p>- Réseaux & systèmes d'information</p>

<p>- Systèmes élécrtoniques et embarqués</p>","<p>Nous proposons des offres de stages aux étudiants de dernière année dans une logique de recrutement. Les postes sont basés en région parisienne. Attention, le processus de recrutement pour les stages dure entre 4 et 6 mois car il comporte une enquête d'habilitation au Très Secret, permettant aux étudiants d'évoluer au sein des locaux et de travailler sur des projets concrets.</p>",
DIAPASON,TRUE,FALSE,FALSE,FALSE,FALSE,FALSE,FALSE,FALSE,FALSE,https://www.mydiapason.com,France,"Banque,Finances,Trésorerie","A l’origine de Diapason, MCC Soft, un groupe spécialisé dans l’édition de solutions financières créé en 1990. Constituée d’anciens trésoriers d’entreprise, d’ingénieurs financiers et d’experts en génie logiciel, Diapason est depuis 10 ans spécialisée dans la gestion de trésorerie d’entreprise.

Cette solide expérience acquise dans les domaines de la trésorerie, des paiements et des risques de marché, ainsi que dans les technologies de l’information bénéficie aujourd’hui aux clients de Diapason.

Aujourd’hui, Diapason accompagne la croissance des entreprises et simplifie la gestion de trésorerie des entreprises de plus de 10000 utilisateurs à l’échelle mondiale.

https://www.mydiapason.com/l-entreprise/","<p>Diapason, en tant qu'entreprise d'édition de logiciels de trésorerie, propose une variété de métiers passionnants aux jeunes diplômés. Les opportunités comprennent :</p>

<ul><li><strong>Développeur Front-End</strong> : Travailler sur l'interface utilisateur de nos applications pour garantir une expérience utilisateur fluide et intuitive.</li>
        <li><strong>Développeur Back-End</strong> : Contribuer au développement de l'architecture serveur et à la gestion des bases de données.</li>
        <li><strong>Ingénieur DevOps</strong> : Assurer le déploiement continu et l'infrastructure cloud de nos solutions.</li>
</ul>

<p> </p>","<p>Nous recherchons des profils qui démontrent :</p>

<ul><li><strong>Compétences techniques</strong> : Maîtrise des langages de programmation front-end (HTML, CSS, JavaScript, framework comme VueJS) pour les postes de développeur front-end.</li>
        <li><strong>Capacité d’adaptation</strong> : Capacité à apprendre rapidement de nouvelles technologies et à s'adapter aux changements.</li>
        <li><strong>Esprit d'équipe</strong> : Bonnes compétences en communication et collaboration pour travailler efficacement au sein d'une équipe agile.</li>
        <li><strong>Innovation et créativité</strong> : Aptitude à proposer des solutions novatrices et à penser en dehors des sentiers battus.</li>
        <li><strong>Passion pour la technologie</strong> : Motivation et passion pour les nouvelles technologies et les logiciels de trésorerie.</li>
</ul>","<p>Nous offrons actuellement deux stages pour des développeurs front-end, permettant aux étudiants de découvrir notre environnement de travail et d'acquérir une expérience précieuse.</p>

<p><strong>Missions :</strong></p>

<ul><li>Participer à la migration du front-end de l’application vers VueJS 3</li>
        <li>Création d'un Workflow Designer qui permet aux consultants fonctionnnels de créer et modifier des processus métiers.</li>
        <li>Collaborer avec l'équipe de développement pour intégrer les fonctionnalités front-end avec les services back-end.</li>
        <li>Assurer la maintenance et la mise à jour des composants existants de l'application.</li>
        <li>Travailler sur l'optimisation des performances de l'application.</li>
        <li>Participer aux revues de code et aux tests unitaires.</li>
        <li>Contribuer à la documentation technique de l'application.</li>
</ul>

<p><strong>Compétences Requises :</strong></p>

<ul><li>Maîtrise de Javascript et Typescript.</li>
        <li>Solides compétences en CSS et Sass.</li>
        <li>Connaissance pratique de Vue3Js.</li>
        <li>Bonne compréhension des principes de développement front-end.</li>
        <li>Capacité à travailler en équipe et à communiquer efficacement.</li>
        <li>Capacité à résoudre des problèmes et à proposer des solutions innovantes.</li>
        <li>Niveau correct en anglais.</li>
</ul>

<p><strong>Profil Recherché :</strong></p>

<ul><li>Dernière année d'école d'ingénieur avec une spécialisation en informatique ou développement logiciel.</li>
        <li>Expérience préalable (stages, projets académiques ou personnels) en développement front-end est un plus.</li>
</ul>

<p><strong>Avantages :</strong></p>

<ul><li>Encadrement par une équipe expérimentée.</li>
        <li>Opportunité de travailler sur des projets innovants et stimulants.</li>
        <li>Environnement de travail dynamique et convivial.</li>
        <li>Possibilité d'embauche à la fin du stage.</li>
</ul>","<p>Scale-up en forte croissance, en France comme à l’étranger, par croissance organique et acquisitions, Diapason offre des perspectives d’évolution variée. Allié à une politique RSE développée depuis plusieurs années, vous bénéficierez de :</p>

<ul><li><strong>Formation continue</strong> : Accès à des formations internes et externes pour rester à jour avec les dernières technologies et méthodes.</li>
        <li><strong>Mobilité interne</strong> : Possibilité de changer de poste ou de département pour acquérir une expérience diversifiée.</li>
        <li><strong>Projets innovants</strong> : Participation à des projets de recherche et développement pour créer des solutions de pointe dans le domaine de la trésorerie.</li>
        <li><strong>Environnement de travail dynamique</strong> : Un cadre de travail stimulant avec une culture d'entreprise axée sur la collaboration, l'innovation et le bien-être des employés.</li>
</ul>"
ECM,FALSE,FALSE,FALSE,FALSE,FALSE,FALSE,FALSE,FALSE,FALSE,,,,,,,,
EXAIL,FALSE,TRUE,FALSE,TRUE,FALSE,FALSE,FALSE,FALSE,FALSE,https://www.exail.com,,,"Exail est un groupe industriel spécialisé dans les technologies de pointe dans les domaines de la robotique, du maritime, de la navigation, de l’aéronautique, du spatial et de la photonique.

S’appuyant sur une forte culture entrepreneuriale, Exail assure performance, fiabilité et sécurité à ses clients civils et militaires opérant dans des environnements sévères.

Depuis le fond des océans jusqu’aux confins de l’espace, Exail augmente les capacités de ses clients grâce à ses composants, produits et systèmes. Employant 1 500 collaborateurs dans le monde, le groupe opère dans plus de 80 pays et réalise un chiffre d’affaires d’environ 280 M€.

Exail est né en 2022 après qu’ECA Group et iXblue ont uni leurs forces. Le groupe fait partie d’Exail Technologies, groupe spécialisé dans les hautes technologies.","<p>Nos collaborateurs sont principalement des ingénieurs, dans plusieurs domaines dont majoritairement :</p>

<p>- Electronique</p>

<p>- R&D</p>

<p>- Mécanique</p>","<p>Nous recherchons des profils passionnés, curieux et fortement intéressés par le progrès technologique qui est au coeur de nos activités.</p>

<p>Vous avez envie de vous investir sur des projets complexes, pour des clients exigeants et challengeants.</p>

<p>Vous êtes passionné par la technique, vous appréciez le travail en équipe et êtes force de proposition.</p>","<p>Nous recherchons régulièrement des stagiaires, en fonction des besoins sur nos sites.</p>","<ul>
        <li>Rejoindre une entreprise <strong>agile, innovante, </strong>en <strong>pleine croissance </strong>qui créé des<strong> technologies de rupture, </strong>pour travailler sur le développement de systèmes de <strong>haute performance</strong></li>
        <li>Voir <strong>l’impact de son travail</strong> directement sur les produits</li>
        <li>Evoluer dans un <strong>environnement international</strong></li>
        <li>Contribuer à <strong>l'évolution de l'entreprise</strong></li>
        <li>Des <strong>évolutions possibles</strong> en fonction de nos opportunités en interne</li>
</ul>"
EXOES,FALSE,TRUE,FALSE,TRUE,FALSE,FALSE,FALSE,FALSE,FALSE,https://www.exoes.com/,France,Ingénierie,"EXOES est un pionnier des technologies de pointe visant à développer la mobilité durable et à atténuer le changement climatique. L'entreprise est particulièrement réputée pour être l'un des spécialistes mondiaux de la technologie de refroidissement par immersion.

EXOES est l'expert en gestion thermique dans le domaine de l'électromobilité. Elle fournit des services d'ingénierie avancés, de la conception à l'intégration des véhicules, et fabrique des produits de haute performance tels que des blocs-batteries, des pompes à chaleur et des composants électroniques de puissance. Ses principaux clients sont des équipementiers, des fournisseurs de premier rang et des fabricants de fluides.

Exoes développera sa présence internationale, poursuivra l'expansion dynamique de ses marchés et de ses produits vers de nouveaux marchés verticaux, et accélérera sa capacité de production de batteries.","<p>- Ingénieur-e mécanique </p>

<p>- Ingénieur-e essais et bancs d'essais </p>

<p>- Ingénieur-e thermicien</p>

<p>- Ingénieur-e simulation thermique </p>","<p>- Vous préparez une formation d’ingénieur (BAC+5).</p>

<p>- Vous avez des connaissances théoriques sur le fonctionnement des batteries et dans les domaines suivants : électrique, mécanique, thermique, hydraulique.</p>

<p>- Vous avez de l’intérêt pour les véhicules électriques, l'électrification des transports.</p>

<p>- Vous êtes à l’aise en anglais.</p>

<p>- Vous êtes reconnu(e) pour vos qualités d’écoute, d’organisation, d’autonomie, d’adaptation.</p>","<p>- Stage Ingénieur-e essais</p>

<p>- Stage Ingénieur bancs d'essais </p>

<p>- Stage simulation thermique batterie</p>

<p>- Stage Ingénieur-e mécanique</p>","<p><strong>Nos engagements envers nos stagiaires :</strong></p>

<p>- Un accompagnement quotidien dans une équipe à taille humaine.</p>

<p>- Une formation unique aux métiers de l’électrification et de l’innovation pour la mobilité propre.</p>

<p>- 100% de nos stages réussis donnent lieu à une embauche en CDI.</p>

<p>- Rejoindre un groupe en pleine croissance avec des opportunités d’évolution rapide en France et à l’international.</p>"
FINAXYS,TRUE,FALSE,FALSE,FALSE,FALSE,FALSE,FALSE,FALSE,FALSE,https://www.finaxys.com/,France,ESN dans la Banque Finance Assurance,"Comme Henry Ford, les Finaxyens pensent qu'en avançant ensemble, le succès viendra de lui-même ! 
Mais qui sommes-nous ? 
La Finaxys family c'est du conseil IT auprès des groupes bancaires, des assurances, des néo-banques et des fintechs ! De quoi faire vivre une aventure exceptionnelle et inédite à nos 350 experts situés à Paris. 
Notre offre de conseil couvre les enjeux technologiques d'aujourd'hui et surtout de demain ce qui nous permet  d'accompagner nos clients sur la digitalisation de leurs métiers. 
Les notions IA, Machine Learning, Blockchain, Data-Cloud et DevSecOps t'inspirent et tu recherches une entreprise à taille 
humaine proposant des missions challengeantes avec une réelle proximité avec les équipes internes, rejoins-nous !",,"<p>La Finaxys Academy recherche : </p>

<ul><li>Des data engineer : Spark, Scala, Kafka, etc.</li>
        <li>Des développeurs : Java, Angular, Python, C#, etc.</li>
        <li>Des ingénieurs devops : Jenkins, Gitlab, Ansible, Terraform, etc.</li>
        <li>Des ingénieurs LLM </li>
</ul>

<p> </p>

<p>Le profil idéal :</p>

<ul><li>Tu es étudiant(e) en dernière année d’école d’ingénieur ou d’informatique.</li>
        <li>Tu es à la recherche d’un stage de fin d’études de 6 mois à compter de Mars 2025</li>
        <li>Tu es passionné par l’IT et les nouvelles technologies.</li>
        <li>Une maitrise de l’Anglais est un plus.</li>
</ul>","<p><strong>La Finaxys Academy en quelques mots : </strong></p>

<p>Nous possédons une Academy qui permet à nos stagiaires en stage de fin d'étude d'être formés chez Finaxys comme chez ses clients. Pas mal non ?</p>

<p>Le programme se déroule de la façon suivante : 1 mois en incubation dans nos locaux avec un promotion de plusieurs stagiaires afin de développer une culture commune de l'IT et 5 mois en mission chez un client sur projet d'envergure. La Finaxys Academy, c'est de l'apprentissage et du développement de compétences mais c'est également des moments conviviaux et de partage autour de différents événements et avec une team de 20 stagiaires plus que motivés.</p>

<p>Alors viens découvrir toutes nos offres et n'hésite pas à contacter notre Best Team Recrutement pour échanger !</p>

<p><strong>FINAXYS c'est : </strong></p>

<ul><li>Un Lab R&D pour explorer toutes les idées de transformations numériques (CraftsmanShip, Continuous Delivery, Big Data, Container, PaaS, Docker, DevOps, Blockchain, Cloud...)</li>
        <li>Des communautés de technophiles sur l’actualité, les tendances et la culture Data pour concevoir et optimiser les technologies et demain les diffuser largement auprès de ses clients.</li>
        <li>Des ateliers Finance pour échanger sur les enjeux d’aujourd’hui et de demain.</li>
        <li>Des Meetups pour partager des informations et connaissances dans une logique de co-développement \ Un organisme de formation agrée Big Data en finance de marché.</li>
        <li>Une Academy qui permet à nos stagiaires en pré-embauche d'être formés chez FINAXYS comme chez ses clients.</li>
        <li>Une University qui permet à nos collaborateurs d'évoluer vers de nouvelles technologies et de maintenir leur niveau d'expertise sur le marché \ Et c’est aussi intégrer une équipe énergique qui ne fait pas l’impasse sur les afterworks, séances de coaching sportif, team building et tournois de nerfs.</li>
</ul>

<p> </p>","<p>Intégrer la Finaxys Academy, c'est se donner la possibilité de continuer en CDI chez Finaxys ! Chaque année, 90% de nos stagiaires poursuivent leur aventure chez Finaxys et même souvent en prestation chez le client chez qui ils ont réalisé leur stage. Alors, saute le pas et rejoins nous ! </p>"
FORTIL,FALSE,FALSE,FALSE,FALSE,FALSE,FALSE,FALSE,FALSE,FALSE,,,,,,,,
GESTFORM,TRUE,FALSE,FALSE,FALSE,FALSE,FALSE,FALSE,FALSE,FALSE,https://www.gestform.com,,,"GESTFORM, Entreprise Adaptée, prestataire de services de gestion documentaire numérique et de sous-traitance administrative auprès de Grands Comptes prestigieux (Airbus, Orange, Ariane Group, SNCF …), GESTFORM allie depuis 30 ans performance économique et valeurs humaines.
GESTFORM, c'est 400 salariés répartis sur 3 sites, Paris-Bordeaux-Toulouse et une volonté de placer l’innovation et l’amélioration continue au cœur de notre fonctionnement.
Nous proposons des services innovants et investissons dans la performance sociale, le dialogue, le développement des compétences.
Depuis son origine en 1986, GESTFORM s’est attachée à promouvoir des valeurs telles que : le Respect, la Loyauté, la Confiance, la Satisfaction Clients et l’Exigence.
Vous souhaitez en savoir plus sur GESTFORM ? Rendez-vous sur notre site : http://https://www.gestform.com/
Vous pouvez également nous suivre sur :
LinkedIn : fr.linkedin.com/company/gestform","<p>Au sein du SI</p>

<p>- Développeur Full stack ou Front end ou Back end selon votre profil et votre appétence</p>

<p>- Devops</p>

<p>- Technicien systèmes et réseaux </p>

<p>- Devsecops</p>

<p>- PO</p>

<p>- Leader technique</p>","<p>Nous recherchons des étudiants de dernières années cursus informatique recherchant leur stage de fin d'études.</p>

<p>Nous sommes également ouverts à l'intégration de stagiaire de 2ème et 3ème années.</p>","<p>- PFE Développement informatique</p>

<p>- PFE Machine learning</p>

<p>- Stage 2A ou 3A : développement informatique </p>","<p>Au sein de notre SI les perspectives d'évolution sont multiples,</p>

<p>Voici quelques exemples:</p>

<p>- Leader technique</p>

<p>- Scrum master</p>

<p>- PO </p>

<p>- Devsecops</p>

<p>Un plan de carrière est mis en place avec le DSI et nous mettons en place des formations nécessaires afin de vous faire monter en compétences</p>"
INGELIANCE TECHNOLOGIES,FALSE,FALSE,FALSE,FALSE,FALSE,FALSE,FALSE,FALSE,FALSE,https://www.ingeliance.com,,,,,,,
Marine nationale,FALSE,FALSE,FALSE,FALSE,FALSE,FALSE,FALSE,FALSE,FALSE,,,,,,,,
MUREX,FALSE,FALSE,FALSE,FALSE,FALSE,FALSE,FALSE,FALSE,FALSE,https://www.murex.com/en,,,,,,,
NAVAL GROUP,TRUE,TRUE,TRUE,TRUE,TRUE,TRUE,FALSE,FALSE,FALSE,https://www.naval-group.com/fr,,"Industriel, défense, Naval","Naval Group, acteur incontournable du naval de Défense, conçoit, réalise, maintient en service, déconstruit et démantèle des navires de surface, des sous-marins, des porte-avions, mais également des drones et autres systèmes autonomes. 
Maître d’œuvre industriel, concepteur et intégrateur d’ensemble des navires armés et des systèmes de combat, Naval Group fournit également des services pour les infrastructures des chantiers et bases navals.
Cette entreprise regroupe près de 500 métiers avec des parcours riches et variés au travers de l’ensemble de ses 10 sites implantés en France.


Naval Group compte parmi les acteurs internationaux du naval de défense. Depuis plus de 400 ans, nous repoussons sans cesse les limites pour construire le naval de demain. Ouvriers, techniciens, ingénieurs, c'est avec passion que nos 17 000 collaborateurs, en France et à l'international, mettent en commun leurs savoir-faire uniques pour imaginer, concevoir, réaliser et entretenir des produits et des systèmes d'exception tels qu'un sous-marin, un porte-avions ou une frégate de combat. Nous sommes convaincus que la diversité et l'inclusion sont synonymes de richesse et de performance. Nous souhaitons intégrer une véritable diversité de profils : femmes et hommes, avec une mixité sociale et une diversité de formations, de générations, d'origines, de compétences et de talents, mais aussi de parcours de vie. Nos métiers évoluent, nos collaborateurs aussi. Nous nous engageons dans le développement professionnel de nos collaborateurs via la formation continue. Nos collaborateurs développent ainsi leur parcours professionnel selon leurs envies et en adéquation avec les besoins du groupe.","<p><a href=""https://www.naval-group.com/fr/nous-rejoindre"">Nous rejoindre</a></p>",<p>Nous recherchons des étudiants (Stages / Alternances) ou des demandeurs d'emploi.</p>,"<p><a href=""https://www.naval-group.com/fr/nous-rejoindre?keywords=&offerFamilyCategory=&contractType=2463&country=&city=&op=Rechercher&form_build_id=form-vNzSSv9IKnsem5qLapaOFn53y3oM2MWP05DjvR2Qpng&form_id=talent_soft_offers_filters_form#offer-list-content"">Offres de Stages</a></p>",<p>Les futurs recrutés se voient proposer des postes à forte responsabilité et la possibilité d’évoluer rapidement géographiquement ou sur d’autres métiers en accompagnant la croissance du Groupe à l’international et son développement sur de nouveaux marchés.</p>
NXP Semiconducteurs,FALSE,FALSE,FALSE,FALSE,FALSE,FALSE,FALSE,FALSE,FALSE,,,,,,,,
Onepoint,TRUE,FALSE,FALSE,FALSE,FALSE,FALSE,FALSE,FALSE,FALSE,https://www.groupeonepoint.com/fr/,,,,,,,
SERMA,TRUE,TRUE,FALSE,FALSE,TRUE,TRUE,FALSE,FALSE,FALSE,https://www.serma.com/,,,"Le groupe SERMA (CA de 174M , plus de 1 400 collaborateurs) est un acteur global indépendant et multisectoriel, nous accompagnons nos partenaires sur l ensemble du cycle de vie des produits et services en tant qu'expert spécialisé dans les systèmes électroniques embarqués et industriels. 

En nous rejoignant, vous prenez part à des projets innovants et bénéficiez de réelles opportunités d évolution professionnelle. 

Le Groupe SERMA s organise autour de 5 métiers :  

Technologie de l électronique 
Sûreté et Cybersécurité des Systèmes 
Ingénierie des Systèmes Embarqués 
Energie 
Micro-électronique 

Savoir-faire et solidité 

Rarement un Groupe aura présenté une aussi vaste palette de compétences en électronique. SERMA se positionne ainsi sur des projets clés de demain, innovants et à fort challenge technique. 
Grâce à son activité multisectorielle et à son savoir-faire technique, le Groupe est en croissance depuis plusieurs années (environ 10% par an). 

Evolution et formation 

Le développement constant de SERMA depuis maintenant plus de 30 ans est synonyme d opportunités et d évolutions professionnelles : changement de métier, mutation, prise de responsabilités, etc. 

Réseau et relationnel 

Vous souhaitez en savoir plus sur les coulisses de SERMA ? Contactez-nous, nous nous ferons un plaisir de répondre à vos questions. 

Mon bureau près de chez moi 

Grâce à ses nombreuses implantations, un de nos sites est forcément près de chez vous : Paris, Rennes, Toulouse, Bordeaux, Lyon, Grenoble, La Rochelle, etc. 

Avantage 

En tant que Groupe industriel, SERMA bénéficie de la convention collective de la métallurgie.","<p><strong>Les métiers que nous proposons sont les suivants :</strong></p>

<p>- Ingénieur conception électronique</p>

<p>- Ingénieur validation/ verification électronique</p>

<p>- Ingénieur FPGA</p>

<p>- Ingénieur Essais</p>

<p>- Ingénieur sureté de fonctionnement électronique</p>

<p>- Ingénieur sureté de fonctionnement software</p>

<p>- Ingénieur Evaluation Software</p>

<p>- Ingénieur Evaluation Hardware</p>",,,"<p>Le développement constant de SERMA depuis maintenant plus de 30 ans est synonyme d opportunités et d évolutions professionnelles : changement de métier, mutation, prise de responsabilités, etc. </p>"
SII,TRUE,FALSE,FALSE,FALSE,FALSE,FALSE,FALSE,FALSE,FALSE,https://www.sii-group.com/fr-FR,,,"Créée en 2003, l'implantation bordelaise de SII a réellement démarré son développement en 2008, pour connaître une croissance fulgurante de 60 à 200 consultants entre 2018 et aujourd’hui. Ce succès s'explique par l'expertise de SII dans les domaines du numérique et du conseil en technologies, ainsi que par son engagement à répondre aux besoins spécifiques des clients de la région Nouvelle-Aquitaine.

L’agence Nouvelle-Aquitaine entend poursuivre sa croissance et renforcer son positionnement de partenaire privilégié des entreprises de la région, dans les domaines tels que l'aéronautique, la défense, l'énergie, le secteur bancaire, les télécommunications, le commerce, le retail et la santé. 

L’ambition de développement est très forte, avec une croissance ciblée de 10% par an, tout en gardant ce qui fait la force du Groupe SII : la marque employeur et l’ADN Great Place To Work.","<p>- développeur web et logiciel </p>

<p>- système embarqué</p>

<p>- ingénieur système (cycle en V)</p>","<p>- junior et expérimenté </p>

<p>- système </p>

<p>- logiciel</p>

<p>- système embarqué software</p>",,
SNCF,FALSE,FALSE,FALSE,FALSE,FALSE,FALSE,FALSE,FALSE,FALSE,,,,,,,,
Solutec,TRUE,FALSE,TRUE,FALSE,TRUE,FALSE,FALSE,FALSE,FALSE,https://www.solutec.fr/,France,"Télécommunication et médias, Industrie, Transport, Services, Grande distribution, Energies, Banques et Assurances, Santé","Une ESN dynamique à taille humaine, située sur Lyon, Paris, Nantes, Bordeaux et Toulouse !
Spécialisés en ingénierie, conseil et services informatiques, nous accompagnons nos clients dans toutes les phases de leurs projets. Nous intervenons auprès de clients variés dans des secteurs diversifiés : banque / assurance, énergie, grande distribution, services, transport, industrie, télécommunication et média, santé…","<p>4 pôles de compétences qui réunissent un large spectre de technologies et de métiers :</p>

<ul><li><p><strong>Développement applicatif :</strong></p>

<ul><li>Développement web : JavaScript (Angular, NodeJS, ReactJS, VueJS…), PHP (Symfony, Zend, Laravel)</li>
                <li>Développement mobile Android/iOS (Swift, Objective-C…)</li>
                <li>Développement logiciel : Java, C#, Python…</li>
        </ul></li>
        <li><strong>Infrastructure & Exploitation : </strong>
        <ul><li>Intégrateur d’applications DevOps : Docker, Jenkins, Ansible, Splunk…</li>
                <li>Ingénieur Systèmes & Réseaux : Gestion des projets LAN et WAN, Support N2/N3, Migration, Déploiement, Systèmes Windows et Linux…</li>
                <li>Ingénieur Sécurité / Cloud : (AWS, Azure), Virtualisation, Conteneurisation (Docker, Kubernetes), Système Linux…</li>
        </ul></li>
        <li><strong>Accompagnement & Gestion de projet : </strong>
        <ul><li>Chef de projet MOA</li>
                <li>Product Owner</li>
                <li>Scrum Master</li>
                <li>Project Manager Officer</li>
                <li>Coordination / Pilotage</li>
        </ul></li>
        <li><strong>Data & BI</strong>
        <ul><li>Gestion de bases de données (SQL Server, Oracle, PostgreSQL…)</li>
                <li>Développement de jobs ETL (Talend, SSIS…)</li>
                <li>Visualisation des données (Power BI, Qlickview…)</li>
        </ul></li>
</ul>","<p>Nous recherchons des ingénieurs de formation, juniors ou expérimentés, avec un fort potentiel et un excellent savoir être.</p>

<ul><li><strong>Développement applicatif :</strong> vous participez à la conception et la réalisation de projets variés au sein des DSI de nos clients. Analyse du besoin, développement, test et recette, mise en production, maintenance, vous aurez l’occasion de faire preuve de polyvalence technique en intervenant sur toutes les phases d’un projet.</li>
</ul>

<p> </p>

<ul><li><strong>Infrastructure & Exploitation :</strong> Administration, déploiement et mise en production, conception et dimensionnement des architectures, sécurité, cloud, DevOps, gestion des incidents</li>
</ul>

<p> </p>

<ul><li><strong>Accompagnement & Gestion de projet :</strong> Ingénieur.e fonctionnel, vous accompagnez un projet IT sur ses différentes phases afin d’en assurer la réussite. Analyse des besoins, rédaction des spécifications, relation client, coordination, management d’équipe, gestion budgétaire, tests et recette, conduite du changement.</li>
</ul>

<p> </p>

<ul><li><strong>DATA & BI :</strong> Intervention dans toutes les phases du cycle de vie des projets décisionnels. Analyse des besoins, architecture, modélisation, développement applicatif, formation, extraction de données.</li>
</ul>

<p> </p>

<ul><li><strong>Ingénierie d’affaire :</strong> Vous participez au développement de l’activité et intervenez sur les composantes vente, négociation, management et recrutement. Création de relation client, analyse des besoins, suivi commercial, suivi des consultants dans leurs missions, gestion de carrière.</li>
</ul>","<p>Le lab’SOLUTEC, à Lyon, est un programme ayant pour vocation l’accueil et l’encadrement de futurs ingénieurs au cours de leurs stages. Il vous permettra de compléter votre formation théorique par une mise en pratique concrète. Vous aurez la responsabilité d’un projet que vous réaliserez de bout en bout, depuis le recueil des besoins jusqu’à une potentielle mise en production de votre prototype.<br>
85% des stages réalisés au sein du lab’SOLUTEC se sont conclus par une proposition d’embauche en CDI.</p>","<p>Une carrière dynamique qui vous permettra de monter rapidement en compétences et d’affiner votre projet professionnel.</p>

<p>Nous vous proposons un accompagnement personnalisé pour construire un projet professionnel qui vous ressemble :</p>

<ul><li>Nos managers prendront le temps de vous connaître, d’analyser vos désirs d’évolution et de vous coacher pour vous proposer les missions les plus adaptées et vous mener vers les ambitions auxquelles vous aspirez.</li>
        <li>Où que vous interveniez, nous échangeons et organisons des bilans réguliers afin de consolider, élargir et enrichir vos champs de compétences.</li>
        <li>Un entretien de carrière annuel pour vous aider à y voir plus clair dans votre horizon professionnel.</li>
</ul>

<p>Il n’y a pas de carrière type !</p>"
SOPRA STERIA,FALSE,FALSE,FALSE,FALSE,FALSE,FALSE,FALSE,FALSE,FALSE,,,,,,,,
SQLI,TRUE,FALSE,FALSE,FALSE,FALSE,FALSE,FALSE,FALSE,FALSE,https://www.sqli.com/fr-fr,,ESN,"Notre mission depuis 30 ans ? Être présent au bon moment !​

Notre expertise ? Accompagner nos clients à capter l’attention de l’utilisateur et transformer cette interaction furtive en une interaction mémorable. C’est dans cette optique que nous accompagnons les entreprises dans la mise en œuvre, et le pilotage de dispositifs digitaux pour une expérience utilisateur réinventée.​

La juste interaction, c’est quoi ? C’est capter notre attention au bon moment, au bon endroit et la convertir en envie et en confiance. Un équilibre subtil entre le trop et le trop peu. Entre le trop tôt et le trop tard.​

Devenez SQLien et faites partie de cette grande aventure au sein d’une société à taille humaine, mais avec de grandes ambitions. Nous sommes plus de 2200 talents sur plus de 13 pays et 3 continents.​

Notre culture ?​
Oser et créer.​","<p>En tant que stagiaire, rejoins plus de 120 collaborateurs sur Bordeaux (Pessac) et participe au développement de nos projets pour différents clients (notamment dans les secteurs du luxe, de l'énergie, de l'immobilier, le secteur viticole et bien d’autres) !</p>

<p>Au sein d’une équipe projet, tu participes à la conception et au développement d’applications en utilisant les technologies autour de l’écosystème JAVA (Maven, Spring, API Rest…)</p>

<p>En fonction des projets, tu pourras également intervenir sur d’autres aspects tels que :</p>

<ul><li>Du développement front (Angular, React, VueJS…)</li>
        <li>La mise en œuvre du projet</li>
        <li>Les sessions d’analyse des besoins des utilisateurs</li>
        <li>La rédaction de cahiers des charges et spécifications</li>
        <li>La définition des architectures techniques et applicatives Java/JEE</li>
        <li>Les phases de tests</li>
        <li>La mise en place et l’administration d’une intégration continue (pipeline CI/CD)</li>
        <li>La gestion de ton environnement de travail et projet (Méthodologie DEVOPS, Clean Code, Docker, Kubernetes, IntelliJ, Linux, GIT…)</li>
</ul>

<p> </p>

<p><strong>L’équipe :</strong></p>

<p>Au sein d’une équipe composée d’un chef de projet, d’un BA/ testeur, d’un Leader technique et d’un ou plusieurs développeurs, tu pourras appréhender les bonnes pratiques du développement.</p>

<p>Cette équipe t'accompagnera durant ton stage et te permettra de parfaire tes connaissances et développer tes compétences.</p>

<p>Esprit d’équipe, curiosité et bonne humeur exigés !</p>",<p>Une 1ère expérience en développement JAVA est un vrai plus !</p>,"<p><strong>Les objectifs :</strong></p>

<ul><li>Progresser techniquement auprès de nos experts techniques</li>
        <li>Acquérir de l’autonomie</li>
        <li>Découvrir le travail en équipe & have fun !</li>
        <li>Découvrir le fonctionnement d’un projet itératif et/ou Agile en entreprise</li>
        <li>Toutes nos offres de stages peuvent déboucher sur un CDI !</li>
</ul>","<p><strong>Votre futur écosystème </strong></p>

<ul><li><strong>120 collaborateurs </strong>au sein de nos nouveaux locaux de PESSAC </li>
        <li>Une <strong>communauté d’experts et des formations</strong> pour vous aider à progresser </li>
        <li>Des <strong>meet-up</strong> pour partager nos connaissances </li>
        <li>Des<strong> clients variés</strong> (le luxe, l'énergie, l'immobilier, le secteur viticole et bien d’autres !)</li>
        <li><strong>Managers de carrière</strong> = suivi de carrière par un de ses pairs </li>
        <li>Une <strong>agence vivante</strong> qui veille au bien-être de ses collaborateurs (livraison de fruits frais, communautés sportives, animations, consoles de jeux, afterwork...)</li>
        <li><strong>FLEX@SQLI </strong>: Politique de 3 jours/ semaine </li>
</ul>"
SYS1,FALSE,FALSE,FALSE,FALSE,FALSE,FALSE,FALSE,FALSE,FALSE,,,,,,,,
Talan,FALSE,FALSE,FALSE,FALSE,FALSE,FALSE,FALSE,FALSE,FALSE,https://www.talan.com/,,,,,,,
TDM,FALSE,TRUE,FALSE,FALSE,FALSE,FALSE,FALSE,FALSE,FALSE,https://www.tdm-ing.com/,,,"TDM est équipementier sur spécifications pour équipements électronique pour DASSAULT, vend une gamme de produits propres et possède un B.E . pour développer de nouveaux projets et équipements.",,,,
TechnicAtome,TRUE,TRUE,FALSE,TRUE,TRUE,TRUE,FALSE,FALSE,FALSE,https://www.technicatome.com/,France,"Nucléaire, Energie, défense","Vous avez le souhait de travailler au sein d’un collectif, dans une entreprise française à taille humaine, à la pointe des technologies ? 
Portée par plus de 2000 collaborateurs répartis sur 8 sites implantés dans tout l’hexagone, TechnicAtome conçoit les réacteurs nucléaires compacts des sous-marins et porte-avions de la Marine Française, tout en œuvrant dans le domaine du nucléaire civil sur des projets innovants tels que le Réacteur Jules Horowitz ou encore les Small Modular Reactors . 
Etre collaborateur chez TechnicAtome c’est prendre part à l’excellence technique au sein d’équipes passionnées investies et reconnues pour leur expertise.","<p><span style=""color:#333333;"">Ingénieur Sureté, Ingénieur Thermohydraulique, Ingénieur Mécanique, Ingénieur développement logiciel embarqué, Ingénieur d'études système de contrôle commande et beaucoup d'autres...</span></p>","<p><span style=""color:#333333;"">Nos marchés requièrent la maîtrise de méthodologies et de technologies-clés comme l’architecture système, le management de projets, le numérique sécuritaire, les analyses de sûreté, la thermo-hydraulique et la neutronique, le soutien logistique intégré…</span></p>

<p><span style=""color:#333333;"">Vous avez le souhait de travailler en équipe dans une entreprise française à taille humaine, à la pointe des technologies nucléaires ?<br><br>
Alors rejoignez-nous sur l’un de nos 8 sites industriels ou d’ingénierie implantés dans tout l’hexagone ! Au global plus de 100 postes en CDI sont à pourvoir, et autant de propositions de stages de contrat en alternance, en particulier dans les différents domaines de l’ingénierie nucléaire pour réacteurs compacts, combustibles et installations associées.</span></p>","<p>Retrouver toutes nos offres sur notre site carrière : <a href=""https://www.technicatome.com/carrieres/"">Carrières - TechnicAtome</a></p>","<p>TechnicAtome offre la possibilité de participer à des projets d'envergures et unique en leur genre.</p>

<p>La mobilité interne est favorisée et permets d'exercer plusieurs métiers au cours de votre carrière chez TA.</p>"
Technology & Strategy Groupe,FALSE,FALSE,FALSE,FALSE,FALSE,FALSE,FALSE,FALSE,FALSE,https://www.technologyandstrategy.com/,,,"Technology & Strategy est une société de conseil Européenne de plus de 3500 collaborateurs présente en France et à l’international.
En pleine expansion, T&S est spécialisée dans trois grands domaines d’expertise (Transformation Digitale, Conseil en performance opérationnelle et Systèmes Embarqués), afin d’implémenter des solutions plus intelligentes, plus sûres et plus écologiques, sur les défis d’aujourd’hui et de demain. 
Et c’est dans cet environnement aux relations humaines fortes, à l’expertise reconnue et aux nombreuses opportunités d’évolution que nous vous invitons à vous développer et à accompagner la croissance du groupe !",,,,
THALES,FALSE,FALSE,FALSE,FALSE,FALSE,FALSE,FALSE,FALSE,FALSE,https://www.thalesgroup.com/fr,,,"Fidèle à son histoire, l’entreprise se positionne aux avant-postes des révolutions technologiques, et en est même parfois un pionnier. Cette volonté de toujours chercher à repousser les limites du possible lui vaut de figurer régulièrement parmi les entreprises les plus innovantes au monde.

Aujourd’hui plus que jamais, Thales est convaincu que la technologie est source de progrès pour nos sociétés et peut contribuer à relever les grands défis du 21e siècle, à deux conditions : qu’elle soit centrée sur l’humain et qu’elle respecte des principes éthiques que traduisent, en particulier, ses approches dans les domaines du numérique, de l’intelligence artificielle (Thales TrUE IA) et de la biométrie (TrUE Biometrics).

Cette conviction, Thales l’exprime clairement dans sa raison d’être : « Construisons ensemble un avenir de confiance ».","<p><strong>Architecte technique</strong>: L'architecte technique est chargé de définir l'architecture technique du SI et les règles associées. Il assure la cohérence entre le matériel, les applications, les systèmes d'exploitation, les réseaux, etc. Il fait évoluer l'architecture du SI pour qu'elle réponde aux besoins des utilisateurs et assure l'interopérabilité de toute nouvelle solution avec l'environnement existant.</p>

<p><strong>Ingénieur systèmes et réseaux</strong>: L'ingénieur réseau définit et met en œuvre les besoins et l'architecture des réseaux de télécommunications et en assure la qualité et la sécurité.</p>

<p><strong>Architecte logiciel</strong>: L'architecte logiciel propose des architectures logicielles homogènes, compatibles et cohérentes avec les exigences des architectures techniques et de l'urbanisme. Il définit les orientations techniques du produit et des applications en anticipant les évolutions des environnements technologiques. Il garantit l'homogénéité d'une gamme de produits logiciels. Il apporte son expertise à des projets de développement sur mesure.</p>

<p><strong>Consultant en systèmes et réseaux</strong>: Le consultant en systèmes et réseaux intègre, déploie, administre et maintient les équipements et ressources informatiques de son client.</p>

<p><strong>Ingénieur de test logiciel</strong>: L'analyste de test et de validation exécute des scénarios de test prédéfinis, enregistre les résultats et qualifie les incidents signalés. Il s'assure qu'une application ou un logiciel correspond aux spécifications et s'intègre dans son environnement.</p>

<p><strong>Gestionnaire de projets d'ingénierie</strong>: Sous la responsabilité d'un chef de projet, le chef de projet conçoit, prépare et suit la mise en œuvre de tout ou partie des projets dont il a la charge.</p>

<p><strong>Ingénieur en sécurité</strong>: L'ingénieur sécurité évalue la fiabilité (assurer la continuité du service), la maintenabilité (être réparable), la disponibilité (être prêt à l'emploi) et la sécurité (non-occurrence d'événements catastrophiques) des infrastructures, des systèmes... dans le cadre de projets.</p>

<p><strong>Ingénieur en électronique embarquée</strong>: L'ingénieur en électronique embarquée conçoit et réalise des systèmes électroniques complexes et définit l'architecture de produits et de composants pour des applications dans divers secteurs (automobile, aéronautique, objets mobiles et communicants, énergie, santé, etc.)</p>

<p><strong>Business Manager</strong>: Le gestionnaire crée et/ou développe un actif client T&S et est responsable du développement commercial de son périmètre.</p>

<p><strong>Responsable de l'ingénierie/du développement informatique</strong>: L'EDL ou l'IDL développe l'activité de l'entreprise sur des comptes nouveaux et existants, en fonction de l'autorité donnée par le manager</p>

<p><strong>Architecte fonctionnel</strong>: L'architecte fonctionnel définit le contenu fonctionnel du système d'information de manière à ce qu'il soit aligné sur les fonctionnalités métier attendues. Il s'assure que le contenu fonctionnel évolue en même temps que les activités de l'entreprise. Il est le garant de la cohérence de l'ensemble.</p>

<p><strong>Intégrateur de matériel et de logiciels</strong>: L'intégrateur opérationnel veille à ce que les systèmes d'information (matériels et immatériels) soient mis en production et fonctionnent correctement dans l'environnement spécifié.</p>","<ul>
        <li>Futur(e) diplômé(e) d’une formation en d'ingénieur généraliste ou informaticien</li>
        <li>Vous possédez une forte aisance relationnelle et une bonne capacité d’adaptation</li>
        <li>Vous êtes dynamique, rigoureux(se) et proactif(ve)</li>
        <li>Vous parlez anglais couramment</li>
        <li>L'allemand serait un plus</li>
</ul>","<p>Nous avons beaucoup d'offres à pourvoir pour des stages/alternances dans de nombreuses villes en France et en Allemagne. Pour en savoir plus, nous vous envourageons à consulter nos offres sur notre site internet: <a href=""jobs.technologyandstrategy.com/"">Technology & Strategy Group Careers (technologyandstrategy.com)</a></p>","<p><strong>Directeur technique</strong>: Le responsable technique est chargé de gérer toutes les activités techniques de son domaine, de son unité commerciale, de son secteur d'activité ou même de l'entreprise. Sa mission se répartit généralement entre l'avant-vente, le développement et l'après-vente.</p>

<p><strong>Directeur de projet d'ingénierie</strong>: Le directeur de projet est chargé de gérer un ou plusieurs projets, de la phase d'étude à la livraison, dans le cadre des objectifs fixés et en veillant au respect des exigences en matière de coûts, de délais et de qualité. Il/elle anticipe les impacts des changements et conduit l'accompagnement du changement.</p>

<p><strong>Directeur de projet informatique</strong>: Le directeur de projet informatique est chargé de gérer un ou plusieurs projets, de la phase d'étude à la réalisation, dans le cadre des objectifs fixés et en veillant au respect des exigences de coût, de délai et de qualité. Il anticipe les impacts des transformations et conduit l'accompagnement du changement.</p>

<p><strong>Directeur opérationnel</strong>: Le directeur opérationnel organise son équipe, structure ses offres et est responsable de l'élargissement de son champ d'action et du développement de ses activités.</p>"
THELIO,TRUE,FALSE,FALSE,FALSE,TRUE,FALSE,FALSE,FALSE,FALSE,https://www.thelio.fr,France,Conseil en systèmes et logiciels informatiques,"Cabinet de Conseil et d’Intégration Data, Thélio est né pour relever un défi : démystifier le monde de la Data pour la rendre accessible à toutes les entreprises. Sa raison d’être ? Des entreprises et organisations plus performantes, innovantes et humaines, grâce à l’intelligence de la donnée.
Né à Bordeaux et continuant sa croissance à Lyon, Aix en Provence et Toulouse, Thélio intervient sur toute la chaîne de valeur de la donnée : Stratégie & Gouvernance Data, Data Visualisation, Modern Data Platform, Intégration Data, Master Data Management, Qualité & Conformité de la Donnée.
Ce qui nous différencie des autres acteurs de la data : notre capacité à accompagner nos clients de bout en bout sur l’ensemble de la chaine de valeur de la donnée, du conseil à la mise en œuvre au travers de solutions pérennes et évolutives, et en totale indépendance des éditeurs. Le fort niveau d’expertise et la complémentarité de nos consultant(e)s, qui sont des professionnel(le)s expérimenté(e)s et reconnu(e)s. Le souci constant d’apporter de la valeur à nos clients quelle que soit la prestation. Et surtout nos valeurs : une culture d’entreprise libérée qui encourage l’initiative et l’intelligence collective, avec un impact concret pour nos collaborateurs : auto-gestion du temps de travail, télétravail, initiatives internes, RSE etc.
Pourquoi nous rejoindre ?
Pour intégrer une entreprise pas comme les autres et tordre le cou aux idées reçues !
Plus précisément :
• Rejoindre un cabinet ultra spécialiste de la data et côtoyer des experts reconnus partageant des valeurs fortes.
• Acquérir une expérience solide en apprenant le métier en immersion totale.
• Evoluer dans une structure libérée et réellement centrée sur le collaborateur (chez Thélio, ce ne sont pas que des mots).
• Partager et faire vivre nos valeurs : évènements internes, sorties régulières entre collègues et soutien aux initiatives RSE, sujet que nous souhaitons fortement développer.",,,,